customer_id,acquisition_date,acquisition_cost_usd,market_segment,supplier_id,order_id,order_date,order_value_usd,payment_date,satisfaction_score,support_tickets,lead_time_days
CUST-001,2024-01-05,850,North America,SUP-A,ORD-1001,2024-01-15,12500,2024-02-18,4,1,14
CUST-002,2024-01-06,920,Europe,SUP-B,ORD-1002,2024-01-18,8500,2024-02-25,5,0,16
CUST-003,2024-01-07,880,Asia-Pacific,SUP-C,ORD-1003,2024-01-20,21000,2024-03-01,4,2,15
CUST-004,2024-01-08,790,North America,SUP-A,ORD-1004,2024-01-22,7500,2024-02-28,3,1,13
CUST-005,2024-01-09,950,Europe,SUP-D,ORD-1005,2024-01-25,15000,2024-03-05,5,0,12
CUST-006,2024-01-10,830,Middle East,SUP-E,ORD-1006,2024-01-28,9500,2024-03-10,4,1,14
CUST-007,2024-01-11,910,North America,SUP-B,ORD-1007,2024-01-30,18000,2024-03-12,5,0,13
CUST-008,2024-01-12,860,Asia-Pacific,SUP-F,ORD-1008,2024-02-02,11000,2024-03-15,4,0,15
CUST-009,2024-01-13,900,Europe,SUP-C,ORD-1009,2024-02-05,13500,2024-03-18,4,1,12
CUST-010,2024-01-14,810,Africa,SUP-G,ORD-1010,2024-02-08,6500,2024-03-20,3,2,17
CUST-011,2024-01-15,890,North America,SUP-D,ORD-1011,2024-02-10,16000,2024-03-22,5,0,13
CUST-012,2024-01-16,930,Europe,SUP-A,ORD-1012,2024-02-12,9500,2024-03-25,4,0,14
CUST-013,2024-01-17,840,Asia-Pacific,SUP-E,ORD-1013,2024-02-15,22000,2024-03-28,4,1,16
CUST-014,2024-01-18,870,Middle East,SUP-B,ORD-1014,2024-02-18,8000,2024-03-30,5,0,13
CUST-015,2024-01-19,960,North America,SUP-F,ORD-1015,2024-02-20,17500,2024-04-02,3,2,15
CUST-016,2024-01-20,820,Europe,SUP-G,ORD-1016,2024-02-22,10500,2024-04-05,4,1,14
CUST-017,2024-01-21,940,Asia-Pacific,SUP-C,ORD-1017,2024-02-25,19000,2024-04-08,5,0,12
CUST-018,2024-01-22,800,Africa,SUP-A,ORD-1018,2024-02-28,5500,2024-04-10,4,1,18
CUST-019,2024-01-23,910,North America,SUP-E,ORD-1019,2024-03-02,14000,2024-04-12,4,0,13
CUST-020,2024-01-24,880,Europe,SUP-B,ORD-1020,2024-03-05,11500,2024-04-15,5,0,14
CUST-021,2024-01-25,860,Asia-Pacific,SUP-D,ORD-1021,2024-03-08,24000,2024-04-18,3,3,16
CUST-022,2024-01-26,920,Middle East,SUP-F,ORD-1022,2024-03-10,9000,2024-04-20,4,1,15
CUST-023,2024-01-27,850,North America,SUP-G,ORD-1023,2024-03-12,16500,2024-04-22,5,0,12
CUST-024,2024-01-28,890,Europe,SUP-C,ORD-1024,2024-03-15,12500,2024-04-25,4,1,14
CUST-025,2024-01-29,830,Asia-Pacific,SUP-A,ORD-1025,2024-03-18,20000,2024-04-28,5,0,15
CUST-026,2024-01-30,950,Africa,SUP-E,ORD-1026,2024-03-20,7000,2024-04-30,3,1,19
CUST-027,2024-01-31,870,North America,SUP-B,ORD-1027,2024-03-22,15000,2024-05-02,4,0,13
CUST-028,2024-02-01,900,Europe,SUP-D,ORD-1028,2024-03-25,10000,2024-05-05,5,0,14
CUST-029,2024-02-02,840,Asia-Pacific,SUP-F,ORD-1029,2024-03-28,23000,2024-05-08,4,2,16
CUST-030,2024-02-03,910,Middle East,SUP-G,ORD-1030,2024-03-30,8500,2024-05-10,4,1,15
CUST-031,2024-02-04,880,North America,SUP-A,ORD-1031,2024-04-02,14500,2024-05-12,4,1,13
CUST-032,2024-02-05,920,Europe,SUP-E,ORD-1032,2024-04-05,10500,2024-05-15,5,0,14
CUST-033,2024-02-06,850,Asia-Pacific,SUP-B,ORD-1033,2024-04-08,21500,2024-05-18,3,2,16
CUST-034,2024-02-07,940,North America,SUP-D,ORD-1034,2024-04-10,18500,2024-05-20,5,0,12
CUST-035,2024-02-08,810,Europe,SUP-F,ORD-1035,2024-04-12,7500,2024-05-22,4,1,14
CUST-036,2024-02-09,900,Africa,SUP-C,ORD-1036,2024-04-15,9500,2024-05-25,4,0,17
CUST-037,2024-02-10,870,North America,SUP-G,ORD-1037,2024-04-18,17000,2024-05-28,5,0,13
CUST-038,2024-02-11,830,Asia-Pacific,SUP-A,ORD-1038,2024-04-20,12000,2024-05-30,4,1,15
CUST-039,2024-02-12,960,Europe,SUP-E,ORD-1039,2024-04-22,14000,2024-06-01,3,1,14
CUST-040,2024-02-13,820,Middle East,SUP-B,ORD-1040,2024-04-25,6000,2024-06-04,5,0,16
CUST-041,2024-02-14,910,North America,SUP-D,ORD-1041,2024-04-28,19500,2024-06-07,4,2,13
CUST-042,2024-02-15,890,Europe,SUP-F,ORD-1042,2024-04-30,11000,2024-06-09,5,0,12
CUST-043,2024-02-16,840,Asia-Pacific,SUP-C,ORD-1043,2024-05-02,22500,2024-06-11,4,1,15
CUST-044,2024-02-17,930,Africa,SUP-G,ORD-1044,2024-05-05,8000,2024-06-14,4,1,18
CUST-045,2024-02-18,800,North America,SUP-A,ORD-1045,2024-05-08,13000,2024-06-17,3,2,14
CUST-046,2024-02-19,950,Europe,SUP-E,ORD-1046,2024-05-10,15500,2024-06-19,5,0,13
CUST-047,2024-02-20,860,Asia-Pacific,SUP-B,ORD-1047,2024-05-12,10000,2024-06-21,4,0,15
CUST-048,2024-02-21,920,Middle East,SUP-D,ORD-1048,2024-05-15,20500,2024-06-24,4,1,16
CUST-049,2024-02-22,880,North America,SUP-F,ORD-1049,2024-05-18,12500,2024-06-27,5,0,12
CUST-050,2024-02-23,810,Europe,SUP-C,ORD-1050,2024-05-20,7000,2024-06-29,3,1,14
CUST-051,2024-02-24,940,Asia-Pacific,SUP-G,ORD-1051,2024-05-22,25000,2024-07-01,5,0,15
CUST-052,2024-02-25,830,Africa,SUP-A,ORD-1052,2024-05-25,5000,2024-07-04,4,2,20
CUST-053,2024-02-26,900,North America,SUP-E,ORD-1053,2024-05-28,18000,2024-07-07,4,1,13
CUST-054,2024-02-27,870,Europe,SUP-B,ORD-1054,2024-05-30,13500,2024-07-09,5,0,14
CUST-055,2024-02-28,890,Asia-Pacific,SUP-D,ORD-1055,2024-06-02,21000,2024-07-12,3,1,16
CUST-056,2024-03-01,920,Middle East,SUP-F,ORD-1056,2024-06-05,9500,2024-07-15,4,0,15
CUST-057,2024-03-02,850,North America,SUP-C,ORD-1057,2024-06-08,17000,2024-07-18,5,0,12
CUST-058,2024-03-03,910,Europe,SUP-G,ORD-1058,2024-06-10,11500,2024-07-20,4,1,14
CUST-059,2024-03-04,840,Asia-Pacific,SUP-A,ORD-1059,2024-06-12,23500,2024-07-22,5,0,15
CUST-060,2024-03-05,930,Africa,SUP-E,ORD-1060,2024-06-15,6500,2024-07-25,3,2,19
CUST-061,2024-03-06,820,North America,SUP-B,ORD-1061,2024-06-18,15500,2024-07-28,4,0,13
CUST-062,2024-03-07,960,Europe,SUP-D,ORD-1062,2024-06-20,10000,2024-07-30,5,0,14
CUST-063,2024-03-08,800,Asia-Pacific,SUP-F,ORD-1063,2024-06-22,20000,2024-08-01,4,1,16
CUST-064,2024-03-09,940,Middle East,SUP-C,ORD-1064,2024-06-25,8000,2024-08-04,4,1,15
CUST-065,2024-03-10,880,North America,SUP-G,ORD-1065,2024-06-28,19000,2024-08-07,5,0,12
CUST-066,2024-03-11,860,Europe,SUP-A,ORD-1066,2024-06-30,12500,2024-08-09,4,0,14
CUST-067,2024-03-12,910,Asia-Pacific,SUP-E,ORD-1067,2024-07-02,22000,2024-08-11,3,3,15
CUST-068,2024-03-13,850,Africa,SUP-B,ORD-1068,2024-07-05,7500,2024-08-14,5,0,17
CUST-069,2024-03-14,920,North America,SUP-D,ORD-1069,2024-07-08,14500,2024-08-17,4,1,13
CUST-070,2024-03-15,830,Europe,SUP-F,ORD-1070,2024-07-10,10500,2024-08-19,4,0,14
CUST-071,2024-03-16,950,Asia-Pacific,SUP-C,ORD-1071,2024-07-12,25000,2024-08-21,5,0,16
CUST-072,2024-03-17,810,Middle East,SUP-G,ORD-1072,2024-07-15,5500,2024-08-24,3,1,16
CUST-073,2024-03-18,900,North America,SUP-A,ORD-1073,2024-07-18,17500,2024-08-27,5,0,12
CUST-074,2024-03-19,870,Europe,SUP-E,ORD-1074,2024-07-20,13000,2024-08-29,4,1,14
CUST-075,2024-03-20,890,Asia-Pacific,SUP-B,ORD-1075,2024-07-22,21500,2024-08-31,4,0,15
CUST-076,2024-03-21,930,Africa,SUP-D,ORD-1076,2024-07-25,9000,2024-09-04,3,2,19
CUST-077,2024-03-22,840,North America,SUP-F,ORD-1077,2024-07-28,16000,2024-09-07,5,0,13
CUST-078,2024-03-23,910,Europe,SUP-C,ORD-1078,2024-07-30,11000,2024-09-09,4,1,14
CUST-079,2024-03-24,820,Asia-Pacific,SUP-G,ORD-1079,2024-08-02,23000,2024-09-11,5,0,16
CUST-080,2024-03-25,960,Middle East,SUP-A,ORD-1080,2024-08-05,6500,2024-09-14,4,1,15
CUST-081,2024-03-26,800,North America,SUP-E,ORD-1081,2024-08-08,18500,2024-09-17,3,1,12
CUST-082,2024-03-27,940,Europe,SUP-B,ORD-1082,2024-08-10,14500,2024-09-19,5,0,14
CUST-083,2024-03-28,880,Asia-Pacific,SUP-D,ORD-1083,2024-08-12,20500,2024-09-21,4,2,15
CUST-084,2024-03-29,860,Africa,SUP-F,ORD-1084,2024-08-15,8000,2024-09-24,4,0,18
CUST-085,2024-03-30,900,North America,SUP-C,ORD-1085,2024-08-18,17000,2024-09-27,5,0,13
CUST-086,2024-03-31,850,Europe,SUP-G,ORD-1086,2024-08-20,12000,2024-09-29,3,1,14
CUST-087,2024-04-01,920,Asia-Pacific,SUP-A,ORD-1087,2024-08-22,24500,2024-10-01,4,1,16
CUST-088,2024-04-02,830,Middle East,SUP-E,ORD-1088,2024-08-25,6000,2024-10-04,5,0,16
CUST-089,2024-04-03,910,North America,SUP-B,ORD-1089,2024-08-28,19500,2024-10-07,4,0,12
CUST-090,2024-04-04,870,Europe,SUP-D,ORD-1090,2024-08-30,10500,2024-10-09,4,1,14
CUST-091,2024-04-05,890,Asia-Pacific,SUP-F,ORD-1091,2024-09-02,22500,2024-10-12,5,0,15
CUST-092,2024-04-06,950,Africa,SUP-C,ORD-1092,2024-09-05,7500,2024-10-15,3,2,19
CUST-093,2024-04-07,840,North America,SUP-G,ORD-1093,2024-09-08,15000,2024-10-18,5,0,13
CUST-094,2024-04-08,900,Europe,SUP-A,ORD-1094,2024-09-10,13500,2024-10-20,4,1,14
CUST-095,2024-04-09,820,Asia-Pacific,SUP-E,ORD-1095,2024-09-12,21000,2024-10-22,4,0,16
CUST-096,2024-04-10,960,Middle East,SUP-B,ORD-1096,2024-09-15,9500,2024-10-25,5,0,15
CUST-097,2024-04-11,810,North America,SUP-D,ORD-1097,2024-09-18,18000,2024-10-28,3,1,12
CUST-098,2024-04-12,940,Europe,SUP-F,ORD-1098,2024-09-20,11500,2024-10-30,4,1,14
CUST-099,2024-04-13,880,Asia-Pacific,SUP-C,ORD-1099,2024-09-22,23500,2024-11-01,5,0,15
CUST-100,2024-04-14,860,Africa,SUP-G,ORD-1100,2024-09-25,5000,2024-11-04,4,2,20
CUST-101,2024-04-15,850,North America,SUP-A,ORD-1101,2024-09-28,16500,2024-11-07,4,0,13
CUST-102,2024-04-16,920,Europe,SUP-E,ORD-1102,2024-09-30,12000,2024-11-09,5,0,14
CUST-103,2024-04-17,830,Asia-Pacific,SUP-B,ORD-1103,2024-10-02,20000,2024-11-11,3,1,16
CUST-104,2024-04-18,950,North America,SUP-D,ORD-1104,2024-10-05,17500,2024-11-14,5,0,12
CUST-105,2024-04-19,810,Europe,SUP-F,ORD-1105,2024-10-08,8500,2024-11-17,4,1,14
CUST-106,2024-04-20,900,Asia-Pacific,SUP-C,ORD-1106,2024-10-10,22000,2024-11-19,4,0,15
CUST-107,2024-04-21,870,Middle East,SUP-G,ORD-1107,2024-10-12,10000,2024-11-21,5,0,16
CUST-108,2024-04-22,890,North America,SUP-A,ORD-1108,2024-10-15,19000,2024-11-24,4,1,13
CUST-109,2024-04-23,930,Europe,SUP-E,ORD-1109,2024-10-18,13000,2024-11-27,3,2,14
CUST-110,2024-04-24,840,Asia-Pacific,SUP-B,ORD-1110,2024-10-20,24000,2024-11-29,5,0,15
CUST-111,2024-04-25,960,Africa,SUP-D,ORD-1111,2024-10-22,6000,2024-12-01,4,1,19
CUST-112,2024-04-26,820,North America,SUP-F,ORD-1112,2024-10-25,15000,2024-12-04,4,0,13
CUST-113,2024-04-27,940,Europe,SUP-C,ORD-1113,2024-10-28,11000,2024-12-07,5,0,14
CUST-114,2024-04-28,800,Asia-Pacific,SUP-G,ORD-1114,2024-10-30,23000,2024-12-09,3,1,16
CUST-115,2024-04-29,910,Middle East,SUP-A,ORD-1115,2024-11-02,7500,2024-12-12,4,1,15
CUST-116,2024-04-30,880,North America,SUP-E,ORD-1116,2024-11-05,18000,2024-12-15,5,0,12
CUST-117,2024-05-01,860,Europe,SUP-B,ORD-1117,2024-11-08,12500,2024-12-18,4,2,14
CUST-118,2024-05-02,920,Asia-Pacific,SUP-D,ORD-1118,2024-11-10,21500,2024-12-20,5,0,15
CUST-119,2024-05-03,850,Africa,SUP-F,ORD-1119,2024-11-12,9500,2024-12-22,4,1,18
CUST-120,2024-05-04,890,North America,SUP-C,ORD-1120,2024-11-15,17000,2024-12-25,3,1,13
CUST-121,2024-05-05,830,Europe,SUP-G,ORD-1121,2024-11-18,14000,2024-12-28,5,0,14
CUST-122,2024-05-06,950,Asia-Pacific,SUP-A,ORD-1122,2024-11-20,20500,2024-12-30,4,0,16
CUST-123,2024-05-07,810,Middle East,SUP-E,ORD-1123,2024-11-22,8000,2025-01-01,4,1,15
CUST-124,2024-05-08,900,North America,SUP-B,ORD-1124,2024-11-25,19500,2025-01-04,5,0,12
CUST-125,2024-05-09,870,Europe,SUP-D,ORD-1125,2024-11-28,10000,2025-01-07,4,1,14
CUST-126,2024-05-10,890,Asia-Pacific,SUP-F,ORD-1126,2024-11-30,22500,2025-01-09,3,2,15
CUST-127,2024-05-11,930,Africa,SUP-C,ORD-1127,2024-12-02,7000,2025-01-11,5,0,17
CUST-128,2024-05-12,840,North America,SUP-G,ORD-1128,2024-12-05,16000,2025-01-14,4,1,13
CUST-129,2024-05-13,910,Europe,SUP-A,ORD-1129,2024-12-08,11500,2025-01-17,4,0,14
CUST-130,2024-05-14,820,Asia-Pacific,SUP-E,ORD-1130,2024-12-10,24500,2025-01-19,5,0,16
CUST-131,2024-05-15,960,Middle East,SUP-B,ORD-1131,2024-12-12,9000,2025-01-21,3,1,16
CUST-132,2024-05-16,800,North America,SUP-D,ORD-1132,2024-12-15,18500,2025-01-24,4,1,12
CUST-133,2024-05-17,940,Europe,SUP-F,ORD-1133,2024-12-18,15000,2025-01-27,5,0,14
CUST-134,2024-05-18,880,Asia-Pacific,SUP-C,ORD-1134,2024-12-20,20000,2025-01-29,4,2,15
CUST-135,2024-05-19,860,Africa,SUP-G,ORD-1135,2024-12-22,6500,2025-01-31,4,0,18
CUST-136,2024-05-20,900,North America,SUP-A,ORD-1136,2024-12-25,17500,2025-02-04,5,0,13
CUST-137,2024-05-21,850,Europe,SUP-E,ORD-1137,2024-12-28,12000,2025-02-07,3,1,14
CUST-138,2024-05-22,920,Asia-Pacific,SUP-B,ORD-1138,2024-12-30,23000,2025-02-09,5,0,16
CUST-139,2024-05-23,830,Middle East,SUP-D,ORD-1139,2025-01-02,10500,2025-02-11,4,1,15
CUST-140,2024-05-24,950,North America,SUP-F,ORD-1140,2025-01-05,19000,2025-02-14,4,0,12
CUST-141,2024-05-25,810,Europe,SUP-C,ORD-1141,2025-01-08,13500,2025-02-17,5,0,14
CUST-142,2024-05-26,900,Asia-Pacific,SUP-G,ORD-1142,2025-01-10,25000,2025-02-19,3,2,16
CUST-143,2024-05-27,870,Africa,SUP-A,ORD-1143,2025-01-12,8500,2025-02-21,4,1,17
CUST-144,2024-05-28,890,North America,SUP-E,ORD-1144,2025-01-15,16500,2025-02-24,5,0,13
CUST-145,2024-05-29,930,Europe,SUP-B,ORD-1145,2025-01-18,11000,2025-02-27,4,0,14
CUST-146,2024-05-30,840,Asia-Pacific,SUP-D,ORD-1146,2025-01-20,22000,2025-03-01,5,0,15
CUST-147,2024-05-31,960,Middle East,SUP-F,ORD-1147,2025-01-22,7000,2025-03-03,4,1,16
CUST-148,2024-06-01,820,North America,SUP-C,ORD-1148,2025-01-25,18000,2025-03-06,3,1,12
CUST-149,2024-06-02,940,Europe,SUP-G,ORD-1149,2025-01-28,14500,2025-03-09,5,0,14
CUST-150,2024-06-03,800,Asia-Pacific,SUP-A,ORD-1150,2025-01-30,21000,2025-03-11,4,2,15
CUST-151,2024-06-04,910,Africa,SUP-E,ORD-1151,2025-02-02,9500,2025-03-14,4,0,18
CUST-152,2024-06-05,880,North America,SUP-B,ORD-1152,2025-02-05,15500,2025-03-17,5,0,13
CUST-153,2024-06-06,860,Europe,SUP-D,ORD-1153,2025-02-08,10000,2025-03-20,3,1,14
CUST-154,2024-06-07,920,Asia-Pacific,SUP-F,ORD-1154,2025-02-10,23500,2025-03-22,4,1,16
CUST-155,2024-06-08,850,Middle East,SUP-C,ORD-1155,2025-02-12,6000,2025-03-24,5,0,15
CUST-156,2024-06-09,890,North America,SUP-G,ORD-1156,2025-02-15,19000,2025-03-27,4,0,12
CUST-157,2024-06-10,830,Europe,SUP-A,ORD-1157,2025-02-18,12500,2025-03-30,5,0,14
CUST-158,2024-06-11,950,Asia-Pacific,SUP-E,ORD-1158,2025-02-20,20000,2025-04-01,4,2,15
CUST-159,2024-06-12,810,Africa,SUP-B,ORD-1159,2025-02-22,7500,2025-04-03,3,1,19
CUST-160,2024-06-13,900,North America,SUP-D,ORD-1160,2025-02-25,18000,2025-04-06,5,0,13
CUST-161,2024-06-14,870,Europe,SUP-F,ORD-1161,2025-02-28,13000,2025-04-09,4,1,14
CUST-162,2024-06-15,890,Asia-Pacific,SUP-C,ORD-1162,2025-03-02,24000,2025-04-11,4,0,16
CUST-163,2024-06-16,930,Middle East,SUP-G,ORD-1163,2025-03-05,9000,2025-04-14,5,0,16
CUST-164,2024-06-17,840,North America,SUP-A,ORD-1164,2025-03-08,16500,2025-04-17,3,1,12
CUST-165,2024-06-18,910,Europe,SUP-E,ORD-1165,2025-03-10,11500,2025-04-19,4,1,14
CUST-166,2024-06-19,820,Asia-Pacific,SUP-B,ORD-1166,2025-03-12,22500,2025-04-21,5,0,15
CUST-167,2024-06-20,960,Africa,SUP-D,ORD-1167,2025-03-15,8000,2025-04-24,4,2,18
CUST-168,2024-06-21,800,North America,SUP-F,ORD-1168,2025-03-18,15000,2025-04-27,5,0,13
CUST-169,2024-06-22,940,Europe,SUP-C,ORD-1169,2025-03-20,10000,2025-04-29,4,0,14
CUST-170,2024-06-23,880,Asia-Pacific,SUP-G,ORD-1170,2025-03-22,21000,2025-05-01,3,1,16
CUST-171,2024-06-24,860,Middle East,SUP-A,ORD-1171,2025-03-25,6500,2025-05-04,4,1,15
CUST-172,2024-06-25,900,North America,SUP-E,ORD-1172,2025-03-28,19500,2025-05-07,5,0,12
CUST-173,2024-06-26,850,Europe,SUP-B,ORD-1173,2025-03-30,13500,2025-05-09,4,2,14
CUST-174,2024-06-27,920,Asia-Pacific,SUP-D,ORD-1174,2025-04-02,20500,2025-05-12,4,0,15
CUST-175,2024-06-28,830,Africa,SUP-F,ORD-1175,2025-04-05,9500,2025-05-15,5,0,17
CUST-176,2024-06-29,950,North America,SUP-C,ORD-1176,2025-04-08,17000,2025-05-18,3,1,13
CUST-177,2024-06-30,810,Europe,SUP-G,ORD-1177,2025-04-10,12000,2025-05-20,4,1,14
CUST-178,2024-07-01,900,Asia-Pacific,SUP-A,ORD-1178,2025-04-12,23000,2025-05-22,5,0,16
CUST-179,2024-07-02,870,Middle East,SUP-E,ORD-1179,2025-04-15,8000,2025-05-25,4,0,16
CUST-180,2024-07-03,890,North America,SUP-B,ORD-1180,2025-04-18,18500,2025-05-28,5,0,12
CUST-181,2024-07-04,930,Europe,SUP-D,ORD-1181,2025-04-20,14000,2025-05-30,4,2,14
CUST-182,2024-07-05,840,Asia-Pacific,SUP-F,ORD-1182,2025-04-22,25000,2025-06-01,4,1,15
CUST-183,2024-07-06,960,Africa,SUP-C,ORD-1183,2025-04-25,6500,2025-06-04,3,1,19
CUST-184,2024-07-07,820,North America,SUP-G,ORD-1184,2025-04-28,16000,2025-06-07,5,0,13
CUST-185,2024-07-08,940,Europe,SUP-A,ORD-1185,2025-04-30,10500,2025-06-09,4,0,14
CUST-186,2024-07-09,800,Asia-Pacific,SUP-E,ORD-1186,2025-05-02,22000,2025-06-11,5,0,16
CUST-187,2024-07-10,910,Middle East,SUP-B,ORD-1187,2025-05-05,10000,2025-06-14,4,1,15
CUST-188,2024-07-11,880,North America,SUP-D,ORD-1188,2025-05-08,19500,2025-06-17,3,2,12
CUST-189,2024-07-12,860,Europe,SUP-F,ORD-1189,2025-05-10,13000,2025-06-19,5,0,14
CUST-190,2024-07-13,920,Asia-Pacific,SUP-C,ORD-1190,2025-05-12,21500,2025-06-21,4,1,15
CUST-191,2024-07-14,850,Africa,SUP-G,ORD-1191,2025-05-15,8500,2025-06-24,4,0,18
CUST-192,2024-07-15,890,North America,SUP-A,ORD-1192,2025-05-18,17000,2025-06-27,5,0,13
CUST-193,2024-07-16,830,Europe,SUP-E,ORD-1193,2025-05-20,12000,2025-06-29,3,1,14
CUST-194,2024-07-17,950,Asia-Pacific,SUP-B,ORD-1194,2025-05-22,24000,2025-07-01,5,0,16
CUST-195,2024-07-18,810,Middle East,SUP-D,ORD-1195,2025-05-25,7500,2025-07-04,4,1,16
CUST-196,2024-07-19,900,North America,SUP-F,ORD-1196,2025-05-28,18500,2025-07-07,4,0,12
CUST-197,2024-07-20,870,Europe,SUP-C,ORD-1197,2025-05-30,13500,2025-07-09,5,0,14
CUST-198,2024-07-21,890,Asia-Pacific,SUP-G,ORD-1198,2025-06-02,20000,2025-07-12,3,2,15
CUST-199,2024-07-22,930,Africa,SUP-A,ORD-1199,2025-06-05,9000,2025-07-15,4,1,17
CUST-200,2024-07-23,840,North America,SUP-E,ORD-1200,2025-06-08,16000,2025-07-18,5,0,13
CUST-201,2024-07-24,910,Europe,SUP-B,ORD-1201,2025-06-10,11000,2025-07-20,4,0,14
CUST-202,2024-07-25,820,Asia-Pacific,SUP-D,ORD-1202,2025-06-12,22500,2025-07-22,5,0,16
CUST-203,2024-07-26,960,Middle East,SUP-F,ORD-1203,2025-06-15,6000,2025-07-25,4,1,15
CUST-204,2024-07-27,800,North America,SUP-C,ORD-1204,2025-06-18,19500,2025-07-28,3,1,12
CUST-205,2024-07-28,940,Europe,SUP-G,ORD-1205,2025-06-20,15000,2025-07-30,5,0,14
CUST-206,2024-07-29,880,Asia-Pacific,SUP-A,ORD-1206,2025-06-22,20500,2025-08-01,4,2,15
CUST-207,2024-07-30,860,Africa,SUP-E,ORD-1207,2025-06-25,8000,2025-08-04,4,0,18
CUST-208,2024-07-31,900,North America,SUP-B,ORD-1208,2025-06-28,17000,2025-08-07,5,0,13
CUST-209,2024-08-01,850,Europe,SUP-D,ORD-1209,2025-06-30,12000,2025-08-09,3,1,14
CUST-210,2024-08-02,920,Asia-Pacific,SUP-F,ORD-1210,2025-07-02,23500,2025-08-11,5,0,16
CUST-211,2024-08-03,830,Middle East,SUP-C,ORD-1211,2025-07-05,10000,2025-08-14,4,1,15
CUST-212,2024-08-04,950,North America,SUP-G,ORD-1212,2025-07-08,18000,2025-08-17,4,0,12
CUST-213,2024-08-05,810,Europe,SUP-A,ORD-1213,2025-07-10,13500,2025-08-19,5,0,14
CUST-214,2024-08-06,900,Asia-Pacific,SUP-E,ORD-1214,2025-07-12,22000,2025-08-21,3,2,15
CUST-215,2024-08-07,870,Africa,SUP-B,ORD-1215,2025-07-15,7000,2025-08-24,4,1,19
CUST-216,2024-08-08,890,North America,SUP-D,ORD-1216,2025-07-18,19000,2025-08-27,5,0,13
CUST-217,2024-08-09,930,Europe,SUP-F,ORD-1217,2025-07-20,11500,2025-08-29,4,0,14
CUST-218,2024-08-10,840,Asia-Pacific,SUP-C,ORD-1218,2025-07-22,24500,2025-08-31,5,0,16
CUST-219,2024-08-11,960,Middle East,SUP-G,ORD-1219,2025-07-25,9500,2025-09-04,4,1,16
CUST-220,2024-08-12,820,North America,SUP-A,ORD-1220,2025-07-28,16000,2025-09-07,3,1,12
CUST-221,2024-08-13,940,Europe,SUP-E,ORD-1221,2025-07-30,12500,2025-09-09,5,0,14
CUST-222,2024-08-14,800,Asia-Pacific,SUP-B,ORD-1222,2025-08-02,21000,2025-09-11,4,2,15
CUST-223,2024-08-15,910,Africa,SUP-D,ORD-1223,2025-08-05,8000,2025-09-14,4,0,18
CUST-224,2024-08-16,880,North America,SUP-F,ORD-1224,2025-08-08,17500,2025-09-17,5,0,13
CUST-225,2024-08-17,860,Europe,SUP-C,ORD-1225,2025-08-10,13000,2025-09-19,3,1,14
CUST-226,2024-08-18,920,Asia-Pacific,SUP-G,ORD-1226,2025-08-12,23000,2025-09-21,5,0,16
CUST-227,2024-08-19,850,Middle East,SUP-A,ORD-1227,2025-08-15,6000,2025-09-24,4,1,15
CUST-228,2024-08-20,890,North America,SUP-E,ORD-1228,2025-08-18,20000,2025-09-27,4,0,12
CUST-229,2024-08-21,830,Europe,SUP-B,ORD-1229,2025-08-20,10500,2025-09-29,5,0,14
CUST-230,2024-08-22,950,Asia-Pacific,SUP-D,ORD-1230,2025-08-22,22000,2025-10-01,4,2,15
CUST-231,2024-08-23,810,Africa,SUP-F,ORD-1231,2025-08-25,7500,2025-10-04,3,1,19
CUST-232,2024-08-24,900,North America,SUP-C,ORD-1232,2025-08-28,18500,2025-10-07,5,0,13
CUST-233,2024-08-25,870,Europe,SUP-G,ORD-1233,2025-08-30,14000,2025-10-09,4,1,14
CUST-234,2024-08-26,890,Asia-Pacific,SUP-A,ORD-1234,2025-09-02,25000,2025-10-12,4,0,16
CUST-235,2024-08-27,930,Middle East,SUP-E,ORD-1235,2025-09-05,9500,2025-10-15,5,0,16
CUST-236,2024-08-28,840,North America,SUP-B,ORD-1236,2025-09-08,16000,2025-10-18,3,1,12
CUST-237,2024-08-29,910,Europe,SUP-D,ORD-1237,2025-09-10,11000,2025-10-20,4,1,14
CUST-238,2024-08-30,820,Asia-Pacific,SUP-F,ORD-1238,2025-09-12,23000,2025-10-22,5,0,15
CUST-239,2024-08-31,960,Africa,SUP-C,ORD-1239,2025-09-15,8000,2025-10-25,4,2,18
CUST-240,2024-09-01,800,North America,SUP-G,ORD-1240,2025-09-18,17000,2025-10-28,5,0,13
CUST-241,2024-09-02,940,Europe,SUP-A,ORD-1241,2025-09-20,12500,2025-10-30,4,0,14
CUST-242,2024-09-03,880,Asia-Pacific,SUP-E,ORD-1242,2025-09-22,21500,2025-11-01,3,1,16
CUST-243,2024-09-04,860,Middle East,SUP-B,ORD-1243,2025-09-25,6500,2025-11-04,4,1,15
CUST-244,2024-09-05,900,North America,SUP-D,ORD-1244,2025-09-28,20000,2025-11-07,5,0,12
CUST-245,2024-09-06,850,Europe,SUP-F,ORD-1245,2025-09-30,15000,2025-11-09,4,2,14
CUST-246,2024-09-07,920,Asia-Pacific,SUP-C,ORD-1246,2025-10-02,20500,2025-11-11,4,0,15
CUST-247,2024-09-08,830,Africa,SUP-G,ORD-1247,2025-10-05,9000,2025-11-14,5,0,17
CUST-248,2024-09-09,950,North America,SUP-A,ORD-1248,2025-10-08,18000,2025-11-17,3,1,13
CUST-249,2024-09-10,810,Europe,SUP-E,ORD-1249,2025-10-10,13000,2025-11-19,4,1,14
CUST-250,2024-09-11,900,Asia-Pacific,SUP-B,ORD-1250,2025-10-12,24000,2025-11-21,5,0,16
CUST-251,2024-09-12,870,Middle East,SUP-D,ORD-1251,2025-10-15,7500,2025-11-24,4,0,16
CUST-252,2024-09-13,890,North America,SUP-F,ORD-1252,2025-10-18,17000,2025-11-27,5,0,12
CUST-253,2024-09-14,930,Europe,SUP-C,ORD-1253,2025-10-20,11500,2025-11-29,4,2,14
CUST-254,2024-09-15,840,Asia-Pacific,SUP-G,ORD-1254,2025-10-22,22500,2025-12-01,4,1,15
CUST-255,2024-09-16,960,Africa,SUP-A,ORD-1255,2025-10-25,8500,2025-12-04,3,1,19
CUST-256,2024-09-17,820,North America,SUP-E,ORD-1256,2025-10-28,19000,2025-12-07,5,0,13
CUST-257,2024-09-18,940,Europe,SUP-B,ORD-1257,2025-10-30,14000,2025-12-09,4,0,14
CUST-258,2024-09-19,800,Asia-Pacific,SUP-D,ORD-1258,2025-11-02,21000,2025-12-12,5,0,16
CUST-259,2024-09-20,910,Middle East,SUP-F,ORD-1259,2025-11-05,6000,2025-12-15,4,1,15
CUST-260,2024-09-21,880,North America,SUP-C,ORD-1260,2025-11-08,20000,2025-12-18,3,2,12
CUST-261,2024-09-22,860,Europe,SUP-G,ORD-1261,2025-11-10,10500,2025-12-20,5,0,14
CUST-262,2024-09-23,920,Asia-Pacific,SUP-A,ORD-1262,2025-11-12,23000,2025-12-22,4,1,15
CUST-263,2024-09-24,850,Africa,SUP-E,ORD-1263,2025-11-15,9500,2025-12-25,4,0,18
CUST-264,2024-09-25,890,North America,SUP-B,ORD-1264,2025-11-18,17500,2025-12-28,5,0,13
CUST-265,2024-09-26,830,Europe,SUP-D,ORD-1265,2025-11-20,12500,2025-12-30,3,1,14
CUST-266,2024-09-27,950,Asia-Pacific,SUP-F,ORD-1266,2025-11-22,24500,2026-01-01,5,0,16
CUST-267,2024-09-28,810,Middle East,SUP-C,ORD-1267,2025-11-25,7000,2026-01-04,4,1,16
CUST-268,2024-09-29,900,North America,SUP-G,ORD-1268,2025-11-28,19500,2026-01-07,4,0,12
CUST-269,2024-09-30,870,Europe,SUP-A,ORD-1269,2025-11-30,14500,2026-01-09,5,0,14
CUST-270,2024-10-01,890,Asia-Pacific,SUP-E,ORD-1270,2025-12-02,21500,2026-01-11,3,2,15
CUST-271,2024-10-02,930,Africa,SUP-B,ORD-1271,2025-12-05,8000,2026-01-14,4,1,19
CUST-272,2024-10-03,840,North America,SUP-D,ORD-1272,2025-12-08,18000,2026-01-17,5,0,13
CUST-273,2024-10-04,910,Europe,SUP-F,ORD-1273,2025-12-10,13000,2026-01-19,4,0,14
CUST-274,2024-10-05,820,Asia-Pacific,SUP-C,ORD-1274,2025-12-12,23500,2026-01-21,5,0,16
CUST-275,2024-10-06,960,Middle East,SUP-G,ORD-1275,2025-12-15,9000,2026-01-24,4,1,15
CUST-276,2024-10-07,800,North America,SUP-A,ORD-1276,2025-12-18,16500,2026-01-27,3,1,12
CUST-277,2024-10-08,940,Europe,SUP-E,ORD-1277,2025-12-20,11000,2026-01-29,5,0,14
CUST-278,2024-10-09,880,Asia-Pacific,SUP-B,ORD-1278,2025-12-22,22000,2026-01-31,4,2,15
CUST-279,2024-10-10,860,Africa,SUP-D,ORD-1279,2025-12-25,7500,2026-02-04,4,0,18
CUST-280,2024-10-11,900,North America,SUP-F,ORD-1280,2025-12-28,19000,2026-02-07,5,0,13
CUST-281,2024-10-12,850,Europe,SUP-C,ORD-1281,2025-12-30,14500,2026-02-09,3,1,14
CUST-282,2024-10-13,920,Asia-Pacific,SUP-G,ORD-1282,2026-01-02,20500,2026-02-11,5,0,16
CUST-283,2024-10-14,830,Middle East,SUP-A,ORD-1283,2026-01-05,6500,2026-02-14,4,1,15
CUST-284,2024-10-15,950,North America,SUP-E,ORD-1284,2026-01-08,20000,2026-02-17,4,0,12
CUST-285,2024-10-16,810,Europe,SUP-B,ORD-1285,2026-01-10,10000,2026-02-19,5,0,14
CUST-286,2024-10-17,900,Asia-Pacific,SUP-D,ORD-1286,2026-01-12,23000,2026-02-21,4,2,15
CUST-287,2024-10-18,870,Africa,SUP-F,ORD-1287,2026-01-15,9000,2026-02-24,3,1,19
CUST-288,2024-10-19,890,North America,SUP-C,ORD-1288,2026-01-18,17500,2026-02-27,5,0,13
CUST-289,2024-10-20,930,Europe,SUP-G,ORD-1289,2026-01-20,12500,2026-03-01,4,1,14
CUST-290,2024-10-21,840,Asia-Pacific,SUP-A,ORD-1290,2026-01-22,24500,2026-03-03,5,0,16
CUST-291,2024-10-22,960,Middle East,SUP-E,ORD-1291,2026-01-25,8000,2026-03-06,4,0,16
CUST-292,2024-10-23,820,North America,SUP-B,ORD-1292,2026-01-28,19500,2026-03-09,3,1,12
CUST-293,2024-10-24,940,Europe,SUP-D,ORD-1293,2026-01-30,15000,2026-03-11,5,0,14
CUST-294,2024-10-25,800,Asia-Pacific,SUP-F,ORD-1294,2026-02-02,20000,2026-03-14,4,2,15
CUST-295,2024-10-26,910,Africa,SUP-C,ORD-1295,2026-02-05,7000,2026-03-17,4,0,18
CUST-296,2024-10-27,880,North America,SUP-G,ORD-1296,2026-02-08,18000,2026-03-20,5,0,13
CUST-297,2024-10-28,860,Europe,SUP-A,ORD-1297,2026-02-10,13000,2026-03-22,3,1,14
CUST-298,2024-10-29,920,Asia-Pacific,SUP-E,ORD-1298,2026-02-12,22500,2026-03-24,5,0,16
CUST-299,2024-10-30,850,Middle East,SUP-B,ORD-1299,2026-02-15,8500,2026-03-27,4,1,15
CUST-300,2024-10-31,890,North America,SUP-D,ORD-1300,2026-02-18,20000,2026-03-30,4,0,12
CUST-301,2024-11-01,830,Europe,SUP-F,ORD-1301,2026-02-20,10000,2026-04-01,5,0,14
CUST-302,2024-11-02,950,Asia-Pacific,SUP-C,ORD-1302,2026-02-22,24000,2026-04-03,4,2,15
CUST-303,2024-11-03,810,Africa,SUP-G,ORD-1303,2026-02-25,9500,2026-04-06,3,1,19
CUST-304,2024-11-04,900,North America,SUP-A,ORD-1304,2026-02-28,17500,2026-04-09,5,0,13
CUST-305,2024-11-05,870,Europe,SUP-E,ORD-1305,2026-03-02,12500,2026-04-11,4,1,14
CUST-306,2024-11-06,890,Asia-Pacific,SUP-B,ORD-1306,2026-03-05,21000,2026-04-14,4,0,16
CUST-307,2024-11-07,930,Middle East,SUP-D,ORD-1307,2026-03-08,7000,2026-04-17,5,0,16
CUST-308,2024-11-08,840,North America,SUP-F,ORD-1308,2026-03-10,19500,2026-04-19,3,1,12
CUST-309,2024-11-09,910,Europe,SUP-C,ORD-1309,2026-03-12,14000,2026-04-21,4,1,14
CUST-310,2024-11-10,820,Asia-Pacific,SUP-G,ORD-1310,2026-03-15,22000,2026-04-24,5,0,15
CUST-311,2024-11-11,960,Africa,SUP-A,ORD-1311,2026-03-18,8500,2026-04-27,4,2,18
CUST-312,2024-11-12,800,North America,SUP-E,ORD-1312,2026-03-20,18000,2026-04-29,5,0,13
CUST-313,2024-11-13,940,Europe,SUP-B,ORD-1313,2026-03-22,13000,2026-05-01,4,0,14
CUST-314,2024-11-14,880,Asia-Pacific,SUP-D,ORD-1314,2026-03-25,23500,2026-05-04,3,1,16
CUST-315,2024-11-15,860,Middle East,SUP-F,ORD-1315,2026-03-28,9000,2026-05-07,4,1,15
CUST-316,2024-11-16,900,North America,SUP-C,ORD-1316,2026-03-30,17000,2026-05-09,5,0,12
CUST-317,2024-11-17,850,Europe,SUP-G,ORD-1317,2026-04-02,11500,2026-05-12,4,2,14
CUST-318,2024-11-18,920,Asia-Pacific,SUP-A,ORD-1318,2026-04-05,20500,2026-05-15,4,0,15
CUST-319,2024-11-19,830,Africa,SUP-E,ORD-1319,2026-04-08,7500,2026-05-18,5,0,17
CUST-320,2024-11-20,950,North America,SUP-B,ORD-1320,2026-04-10,19500,2026-05-20,3,1,13
CUST-321,2024-11-21,810,Europe,SUP-D,ORD-1321,2026-04-12,14500,2026-05-22,4,1,14
CUST-322,2024-11-22,900,Asia-Pacific,SUP-F,ORD-1322,2026-04-15,25000,2026-05-25,5,0,16
CUST-323,2024-11-23,870,Middle East,SUP-C,ORD-1323,2026-04-18,6000,2026-05-28,4,0,16
CUST-324,2024-11-24,890,North America,SUP-G,ORD-1324,2026-04-20,18000,2026-05-30,5,0,12
CUST-325,2024-11-25,930,Europe,SUP-A,ORD-1325,2026-04-22,13000,2026-06-01,4,2,14
CUST-326,2024-11-26,840,Asia-Pacific,SUP-E,ORD-1326,2026-04-25,22000,2026-06-04,4,1,15
CUST-327,2024-11-27,960,Africa,SUP-B,ORD-1327,2026-04-28,9500,2026-06-07,3,1,19
CUST-328,2024-11-28,820,North America,SUP-D,ORD-1328,2026-04-30,17000,2026-06-09,5,0,13
CUST-329,2024-11-29,940,Europe,SUP-F,ORD-1329,2026-05-02,11000,2026-06-11,4,0,14
CUST-330,2024-11-30,800,Asia-Pacific,SUP-C,ORD-1330,2026-05-05,23000,2026-06-14,5,0,16
CUST-331,2024-12-01,910,Middle East,SUP-G,ORD-1331,2026-05-08,8000,2026-06-17,4,1,15
CUST-332,2024-12-02,880,North America,SUP-A,ORD-1332,2026-05-10,19000,2026-06-19,3,2,12
CUST-333,2024-12-03,860,Europe,SUP-E,ORD-1333,2026-05-12,14000,2026-06-21,5,0,14
CUST-334,2024-12-04,920,Asia-Pacific,SUP-B,ORD-1334,2026-05-15,20500,2026-06-24,4,1,15
CUST-335,2024-12-05,850,Africa,SUP-D,ORD-1335,2026-05-18,7000,2026-06-27,4,0,18
CUST-336,2024-12-06,890,North America,SUP-F,ORD-1336,2026-05-20,18500,2026-06-29,5,0,13
CUST-337,2024-12-07,830,Europe,SUP-C,ORD-1337,2026-05-22,13500,2026-07-01,3,1,14
CUST-338,2024-12-08,950,Asia-Pacific,SUP-G,ORD-1338,2026-05-25,25000,2026-07-04,5,0,16
CUST-339,2024-12-09,810,Middle East,SUP-A,ORD-1339,2026-05-28,9500,2026-07-07,4,1,16
CUST-340,2024-12-10,900,North America,SUP-E,ORD-1340,2026-05-30,16000,2026-07-09,4,0,12
CUST-341,2024-12-11,870,Europe,SUP-B,ORD-1341,2026-06-02,10500,2026-07-12,5,0,14
CUST-342,2024-12-12,890,Asia-Pacific,SUP-D,ORD-1342,2026-06-05,23000,2026-07-15,4,2,15
CUST-343,2024-12-13,930,Africa,SUP-F,ORD-1343,2026-06-08,8000,2026-07-18,3,1,19
CUST-344,2024-12-14,840,North America,SUP-C,ORD-1344,2026-06-10,19000,2026-07-20,5,0,13
CUST-345,2024-12-15,910,Europe,SUP-G,ORD-1345,2026-06-12,14000,2026-07-22,4,1,14
CUST-346,2024-12-16,820,Asia-Pacific,SUP-A,ORD-1346,2026-06-15,22000,2026-07-25,5,0,16
CUST-347,2024-12-17,960,Middle East,SUP-E,ORD-1347,2026-06-18,6500,2026-07-28,4,0,15
CUST-348,2024-12-18,800,North America,SUP-B,ORD-1348,2026-06-20,17500,2026-07-30,3,1,12
CUST-349,2024-12-19,940,Europe,SUP-D,ORD-1349,2026-06-22,12000,2026-08-01,5,0,14
CUST-350,2024-12-20,880,Asia-Pacific,SUP-F,ORD-1350,2026-06-25,24000,2026-08-04,4,2,15
CUST-351,2024-12-21,860,Africa,SUP-C,ORD-1351,2026-06-28,9500,2026-08-07,4,0,18
CUST-352,2024-12-22,900,North America,SUP-G,ORD-1352,2026-06-30,16000,2026-08-09,5,0,13
CUST-353,2024-12-23,850,Europe,SUP-A,ORD-1353,2026-07-02,11000,2026-08-11,3,1,14
CUST-354,2024-12-24,920,Asia-Pacific,SUP-E,ORD-1354,2026-07-05,21500,2026-08-14,5,0,16
CUST-355,2024-12-25,830,Middle East,SUP-B,ORD-1355,2026-07-08,7000,2026-08-17,4,1,15
CUST-356,2024-12-26,950,North America,SUP-D,ORD-1356,2026-07-10,20000,2026-08-19,4,0,12
CUST-357,2024-12-27,810,Europe,SUP-F,ORD-1357,2026-07-12,15000,2026-08-21,5,0,14
CUST-358,2024-12-28,900,Asia-Pacific,SUP-C,ORD-1358,2026-07-15,20000,2026-08-24,4,2,15
CUST-359,2024-12-29,870,Africa,SUP-G,ORD-1359,2026-07-18,9000,2026-08-27,3,1,19
CUST-360,2024-12-30,890,North America,SUP-A,ORD-1360,2026-07-20,18000,2026-08-29,5,0,13
CUST-361,2024-12-31,930,Europe,SUP-E,ORD-1361,2026-07-22,13000,2026-08-31,4,1,14
CUST-362,2025-01-01,840,Asia-Pacific,SUP-B,ORD-1362,2026-07-25,22500,2026-09-04,5,0,16
CUST-363,2025-01-02,960,Middle East,SUP-D,ORD-1363,2026-07-28,8500,2026-09-07,4,0,16
CUST-364,2025-01-03,820,North America,SUP-F,ORD-1364,2026-07-30,17000,2026-09-09,3,1,12
CUST-365,2025-01-04,940,Europe,SUP-C,ORD-1365,2026-08-02,11500,2026-09-11,5,0,14
CUST-366,2025-01-05,800,Asia-Pacific,SUP-G,ORD-1366,2026-08-05,24000,2026-09-14,4,2,15
CUST-367,2025-01-06,910,Africa,SUP-A,ORD-1367,2026-08-08,7000,2026-09-17,4,0,18
CUST-368,2025-01-07,880,North America,SUP-E,ORD-1368,2026-08-10,19500,2026-09-19,5,0,13
CUST-369,2025-01-08,860,Europe,SUP-B,ORD-1369,2026-08-12,14500,2026-09-21,3,1,14
CUST-370,2025-01-09,920,Asia-Pacific,SUP-D,ORD-1370,2026-08-15,20000,2026-09-24,5,0,16
CUST-371,2025-01-10,850,Middle East,SUP-F,ORD-1371,2026-08-18,9000,2026-09-27,4,1,15
CUST-372,2025-01-11,890,North America,SUP-C,ORD-1372,2026-08-20,18000,2026-09-29,4,0,12
CUST-373,2025-01-12,830,Europe,SUP-G,ORD-1373,2026-08-22,13000,2026-10-01,5,0,14
CUST-374,2025-01-13,950,Asia-Pacific,SUP-A,ORD-1374,2026-08-25,22500,2026-10-04,4,2,15
CUST-375,2025-01-14,810,Africa,SUP-E,ORD-1375,2026-08-28,8000,2026-10-07,3,1,19
CUST-376,2025-01-15,900,North America,SUP-B,ORD-1376,2026-08-30,17000,2026-10-09,5,0,13
CUST-377,2025-01-16,870,Europe,SUP-D,ORD-1377,2026-09-02,11500,2026-10-12,4,1,14
CUST-378,2025-01-17,890,Asia-Pacific,SUP-F,ORD-1378,2026-09-05,24000,2026-10-15,4,0,16
CUST-379,2025-01-18,930,Middle East,SUP-C,ORD-1379,2026-09-08,9500,2026-10-18,5,0,16
CUST-380,2025-01-19,840,North America,SUP-G,ORD-1380,2026-09-10,19000,2026-10-20,3,1,12
CUST-381,2025-01-20,910,Europe,SUP-A,ORD-1381,2026-09-12,14000,2026-10-22,4,1,14
CUST-382,2025-01-21,820,Asia-Pacific,SUP-E,ORD-1382,2026-09-15,21000,2026-10-25,5,0,15
CUST-383,2025-01-22,960,Africa,SUP-B,ORD-1383,2026-09-18,6500,2026-10-28,4,2,18
CUST-384,2025-01-23,800,North America,SUP-D,ORD-1384,2026-09-20,18500,2026-10-30,5,0,13
CUST-385,2025-01-24,940,Europe,SUP-F,ORD-1385,2026-09-22,10000,2026-11-01,4,0,14
CUST-386,2025-01-25,880,Asia-Pacific,SUP-C,ORD-1386,2026-09-25,23000,2026-11-04,3,1,16
CUST-387,2025-01-26,860,Middle East,SUP-G,ORD-1387,2026-09-28,8000,2026-11-07,4,1,15
CUST-388,2025-01-27,900,North America,SUP-A,ORD-1388,2026-09-30,20000,2026-11-09,5,0,12
CUST-389,2025-01-28,850,Europe,SUP-E,ORD-1389,2026-10-02,15000,2026-11-11,4,2,14
CUST-390,2025-01-29,920,Asia-Pacific,SUP-B,ORD-1390,2026-10-05,20500,2026-11-14,4,0,15
CUST-391,2025-01-30,830,Africa,SUP-D,ORD-1391,2026-10-08,9000,2026-11-17,5,0,17
CUST-392,2025-01-31,950,North America,SUP-F,ORD-1392,2026-10-10,17000,2026-11-19,3,1,13
CUST-393,2025-02-01,810,Europe,SUP-C,ORD-1393,2026-10-12,12000,2026-11-21,4,1,14
CUST-394,2025-02-02,900,Asia-Pacific,SUP-G,ORD-1394,2026-10-15,24000,2026-11-24,5,0,16
CUST-395,2025-02-03,870,Middle East,SUP-A,ORD-1395,2026-10-18,7500,2026-11-27,4,0,16
CUST-396,2025-02-04,890,North America,SUP-E,ORD-1396,2026-10-20,19000,2026-11-29,5,0,12
CUST-397,2025-02-05,930,Europe,SUP-B,ORD-1397,2026-10-22,14000,2026-12-01,4,2,14
CUST-398,2025-02-06,840,Asia-Pacific,SUP-D,ORD-1398,2026-10-25,21500,2026-12-04,4,1,15
CUST-399,2025-02-07,960,Africa,SUP-F,ORD-1399,2026-10-28,8500,2026-12-07,3,1,19
CUST-400,2025-02-08,820,North America,SUP-C,ORD-1400,2026-10-30,18000,2026-12-09,5,0,13
CUST-401,2025-02-09,940,Europe,SUP-G,ORD-1401,2026-11-02,10000,2026-12-12,4,0,14
CUST-402,2025-02-10,800,Asia-Pacific,SUP-A,ORD-1402,2026-11-05,23500,2026-12-15,5,0,16
CUST-403,2025-02-11,910,Middle East,SUP-E,ORD-1403,2026-11-08,6000,2026-12-18,4,1,15
CUST-404,2025-02-12,880,North America,SUP-B,ORD-1404,2026-11-10,20000,2026-12-20,3,2,12
CUST-405,2025-02-13,860,Europe,SUP-D,ORD-1405,2026-11-12,15000,2026-12-22,5,0,14
CUST-406,2025-02-14,920,Asia-Pacific,SUP-F,ORD-1406,2026-11-15,20000,2026-12-25,4,1,15
CUST-407,2025-02-15,850,Africa,SUP-C,ORD-1407,2026-11-18,9000,2026-12-28,4,0,18
CUST-408,2025-02-16,890,North America,SUP-G,ORD-1408,2026-11-20,17000,2026-12-30,5,0,13
CUST-409,2025-02-17,830,Europe,SUP-A,ORD-1409,2026-11-22,12000,2027-01-01,3,1,14
CUST-410,2025-02-18,950,Asia-Pacific,SUP-E,ORD-1410,2026-11-25,23000,2027-01-04,5,0,16
CUST-411,2025-02-19,810,Middle East,SUP-B,ORD-1411,2026-11-28,7500,2027-01-07,4,1,16
CUST-412,2025-02-20,900,North America,SUP-D,ORD-1412,2026-11-30,18500,2027-01-09,4,0,12
CUST-413,2025-02-21,870,Europe,SUP-F,ORD-1413,2026-12-02,13500,2027-01-11,5,0,14
CUST-414,2025-02-22,890,Asia-Pacific,SUP-C,ORD-1414,2026-12-05,25000,2027-01-14,4,2,15
CUST-415,2025-02-23,930,Africa,SUP-G,ORD-1415,2026-12-08,8000,2027-01-17,3,1,19
CUST-416,2025-02-24,840,North America,SUP-A,ORD-1416,2026-12-10,16000,2027-01-19,5,0,13
CUST-417,2025-02-25,910,Europe,SUP-E,ORD-1417,2026-12-12,11000,2027-01-21,4,1,14
CUST-418,2025-02-26,820,Asia-Pacific,SUP-B,ORD-1418,2026-12-15,21500,2027-01-24,5,0,16
CUST-4十九,2025-02-27,960,Middle East,SUP-D,ORD-1419,2026-12-18,9500,2027-01-27,4,0,15
CUST-420,2025-02-28,800,North America,SUP-F,ORD-1420,2026-12-20,17500,2027-01-29,3,1,12
CUST-421,2025-03-01,940,Europe,SUP-C,ORD-1421,2026-12-22,12500,2027-01-31,5,0,14
CUST-422,2025-03-02,880,Asia-Pacific,SUP-G,ORD-1422,2026-12-25,24000,2027-02-04,4,2,15
CUST-423,2025-03-03,860,Africa,SUP-A,ORD-1423,2026-12-28,6000,2027-02-07,4,0,18
CUST-424,2025-03-04,900,North America,SUP-E,ORD-1424,2026-12-30,19500,2027-02-09,5,0,13
CUST-425,2025-03-05,850,Europe,SUP-B,ORD-1425,2027-01-02,14500,2027-02-11,3,1,14
CUST-426,2025-03-06,920,Asia-Pacific,SUP-D,ORD-1426,2027-01-05,20000,2027-02-14,5,0,16
CUST-427,2025-03-07,830,Middle East,SUP-F,ORD-1427,2027-01-08,8500,2027-02-17,4,1,15
CUST-428,2025-03-08,950,North America,SUP-C,ORD-1428,2027-01-10,18000,2027-02-19,4,0,12
CUST-429,2025-03-09,810,Europe,SUP-G,ORD-1429,2027-01-12,13000,2027-02-21,5,0,14
CUST-430,2025-03-10,900,Asia-Pacific,SUP-A,ORD-1430,2027-01-15,22500,2027-02-24,4,2,15
CUST-431,2025-03-11,870,Africa,SUP-E,ORD-1431,2027-01-18,7000,2027-02-27,3,1,19
CUST-432,2025-03-12,890,North America,SUP-B,ORD-1432,2027-01-20,17000,2027-03-01,5,0,13
CUST-433,2025-03-13,930,Europe,SUP-D,ORD-1433,2027-01-22,11500,2027-03-03,4,1,14
CUST-434,2025-03-14,840,Asia-Pacific,SUP-F,ORD-1434,2027-01-25,24000,2027-03-06,5,0,16
CUST-435,2025-03-15,960,Middle East,SUP-C,ORD-1435,2027-01-28,9500,2027-03-09,4,0,16
CUST-436,2025-03-16,820,North America,SUP-G,ORD-1436,2027-01-30,19000,2027-03-11,3,1,12
CUST-437,2025-03-17,940,Europe,SUP-A,ORD-1437,2027-02-02,14000,2027-03-14,5,0,14
CUST-438,2025-03-18,800,Asia-Pacific,SUP-E,ORD-1438,2027-02-05,21000,2027-03-17,4,2,15
CUST-439,2025-03-19,910,Africa,SUP-B,ORD-1439,2027-02-08,8000,2027-03-20,4,0,18
CUST-440,2025-03-20,880,North America,SUP-D,ORD-1440,2027-02-10,18500,2027-03-22,5,0,13
CUST-441,2025-03-21,860,Europe,SUP-F,ORD-1441,2027-02-12,13000,2027-03-24,3,1,14
CUST-442,2025-03-22,920,Asia-Pacific,SUP-C,ORD-1442,2027-02-15,22500,2027-03-27,5,0,16
CUST-443,2025-03-23,850,Middle East,SUP-G,ORD-1443,2027-02-18,6500,2027-03-30,4,1,15
CUST-444,2025-03-24,890,North America,SUP-A,ORD-1444,2027-02-20,20000,2027-04-01,4,0,12
CUST-445,2025-03-25,830,Europe,SUP-E,ORD-1445,2027-02-22,10500,2027-04-03,5,0,14
CUST-446,2025-03-26,950,Asia-Pacific,SUP-B,ORD-1446,2027-02-25,24000,2027-04-06,4,2,15
CUST-447,2025-03-27,810,Africa,SUP-D,ORD-1447,2027-02-28,9500,2027-04-09,3,1,19
CUST-448,2025-03-28,900,North America,SUP-F,ORD-1448,2027-03-02,17500,2027-04-11,5,0,13
CUST-449,2025-03-29,870,Europe,SUP-C,ORD-1449,2027-03-05,12500,2027-04-14,4,1,14
CUST-450,2025-03-30,890,Asia-Pacific,SUP-G,ORD-1450,2027-03-08,21000,2027-04-17,4,0,16
CUST-451,2025-03-31,930,Middle East,SUP-A,ORD-1451,2027-03-10,7000,2027-04-19,5,0,16
CUST-452,2025-04-01,840,North America,SUP-E,ORD-1452,2027-03-12,19500,2027-04-21,3,1,12
CUST-453,2025-04-02,910,Europe,SUP-B,ORD-1453,2027-03-15,14500,2027-04-24,4,1,14
CUST-454,2025-04-03,820,Asia-Pacific,SUP-D,ORD-1454,2027-03-18,23000,2027-04-27,5,0,15
CUST-455,2025-04-04,960,Africa,SUP-F,ORD-1455,2027-03-20,8000,2027-04-29,4,2,18
CUST-456,2025-04-05,800,North America,SUP-C,ORD-1456,2027-03-22,18000,2027-05-01,5,0,13
CUST-457,2025-04-06,940,Europe,SUP-G,ORD-1457,2027-03-25,10000,2027-05-04,4,0,14
CUST-458,2025-04-07,880,Asia-Pacific,SUP-A,ORD-1458,2027-03-28,22000,2027-05-07,3,1,16
CUST-459,2025-04-08,860,Middle East,SUP-E,ORD-1459,2027-03-30,9000,2027-05-09,4,1,15
CUST-460,2025-04-09,900,North America,SUP-B,ORD-1460,2027-04-02,20000,2027-05-12,5,0,12
CUST-461,2025-04-10,850,Europe,SUP-D,ORD-1461,2027-04-05,15000,2027-05-15,4,2,14
CUST-462,2025-04-11,920,Asia-Pacific,SUP-F,ORD-1462,2027-04-08,20500,2027-05-18,4,0,15
CUST-463,2025-04-12,830,Africa,SUP-C,ORD-1463,2027-04-10,7500,2027-05-20,5,0,17
CUST-464,2025-04-13,950,North America,SUP-G,ORD-1464,2027-04-12,17000,2027-05-22,3,1,13
CUST-465,2025-04-14,810,Europe,SUP-A,ORD-1465,2027-04-15,12000,2027-05-25,4,1,14
CUST-466,2025-04-15,900,Asia-Pacific,SUP-E,ORD-1466,2027-04-18,23500,2027-05-28,5,0,16
CUST-467,2025-04-16,870,Middle East,SUP-B,ORD-1467,2027-04-20,8500,2027-05-30,4,0,16
CUST-468,2025-04-17,890,North America,SUP-D,ORD-1468,2027-04-22,19500,2027-06-01,5,0,12
CUST-469,2025-04-18,930,Europe,SUP-F,ORD-1469,2027-04-25,14000,2027-06-04,4,2,14
CUST-470,2025-04-19,840,Asia-Pacific,SUP-C,ORD-1470,2027-04-28,21000,2027-06-07,4,1,15
CUST-471,2025-04-20,960,Africa,SUP-G,ORD-1471,2027-04-30,9000,2027-06-09,3,1,19
CUST-472,2025-04-21,820,North America,SUP-A,ORD-1472,2027-05-02,18500,2027-06-11,5,0,13
CUST-473,2025-04-22,940,Europe,SUP-E,ORD-1473,2027-05-05,10500,2027-06-14,4,0,14
CUST-474,2025-04-23,800,Asia-Pacific,SUP-B,ORD-1474,2027-05-08,22000,2027-06-17,5,0,16
CUST-475,2025-04-24,910,Middle East,SUP-D,ORD-1475,2027-05-10,6500,2027-06-19,4,1,15
CUST-476,2025-04-25,880,North America,SUP-F,ORD-1476,2027-05-12,20000,2027-06-21,3,2,12
CUST-477,2025-04-26,860,Europe,SUP-C,ORD-1477,2027-05-15,15000,2027-06-24,5,0,14
CUST-478,2025-04-27,920,Asia-Pacific,SUP-G,ORD-1478,2027-05-18,20000,2027-06-27,4,1,15
CUST-479,2025-04-28,850,Africa,SUP-A,ORD-1479,2027-05-20,8000,2027-06-29,4,0,18
CUST-480,2025-04-29,890,North America,SUP-E,ORD-1480,2027-05-22,17000,2027-07-01,5,0,13
CUST-481,2025-04-30,830,Europe,SUP-B,ORD-1481,2027-05-25,12000,2027-07-04,3,1,14
CUST-482,2025-05-01,950,Asia-Pacific,SUP-D,ORD-1482,2027-05-28,23500,2027-07-07,5,0,16
CUST-483,2025-05-02,810,Middle East,SUP-F,ORD-1483,2027-05-30,7000,2027-07-09,4,1,16
CUST-484,2025-05-03,900,North America,SUP-C,ORD-1484,2027-06-02,19000,2027-07-12,4,0,12
CUST-485,2025-05-04,870,Europe,SUP-G,ORD-1485,2027-06-05,14000,2027-07-15,5,0,14
CUST-486,2025-05-05,890,Asia-Pacific,SUP-A,ORD-1486,2027-06-08,21500,2027-07-18,4,2,15
CUST-487,2025-05-06,930,Africa,SUP-E,ORD-1487,2027-06-10,9500,2027-07-20,3,1,19
CUST-488,2025-05-07,840,North America,SUP-B,ORD-1488,2027-06-12,18000,2027-07-22,5,0,13
CUST-489,2025-05-08,910,Europe,SUP-D,ORD-1489,2027-06-15,13000,2027-07-25,4,1,14
CUST-490,2025-05-09,820,Asia-Pacific,SUP-F,ORD-1490,2027-06-18,24500,2027-07-28,5,0,16
CUST-491,2025-05-10,960,Middle East,SUP-C,ORD-1491,2027-06-20,6000,2027-07-30,4,0,15
CUST-492,2025-05-11,800,North America,SUP-G,ORD-1492,2027-06-22,17500,2027-08-01,3,1,12
CUST-493,2025-05-12,940,Europe,SUP-A,ORD-1493,2027-06-25,12500,2027-08-04,5,0,14
CUST-494,2025-05-13,880,Asia-Pacific,SUP-E,ORD-1494,2027-06-28,20000,2027-08-07,4,2,15
CUST-495,2025-05-14,860,Africa,SUP-B,ORD-1495,2027-06-30,9000,2027-08-09,4,0,18
CUST-496,2025-05-15,900,North America,SUP-D,ORD-1496,2027-07-02,19500,2027-08-11,5,0,13
CUST-497,2025-05-16,850,Europe,SUP-F,ORD-1497,2027-07-05,14500,2027-08-14,3,1,14
CUST-498,2025-05-17,920,Asia-Pacific,SUP-C,ORD-1498,2027-07-08,21000,2027-08-17,5,0,16
CUST-499,2025-05-18,830,Middle East,SUP-G,ORD-1499,2027-07-10,8000,2027-08-19,4,1,15
CUST-500,2025-05-19,950,North America,SUP-A,ORD-1500,2027-07-12,18000,2027-08-21,4,0,12
CUST-501,2025-05-20,810,Europe,SUP-E,ORD-1501,2027-07-15,10000,2027-08-24,5,0,14
CUST-502,2025-05-21,900,Asia-Pacific,SUP-B,ORD-1502,2027-07-18,23000,2027-08-27,4,2,15
CUST-503,2025-05-22,870,Africa,SUP-D,ORD-1503,2027-07-20,7000,2027-08-29,3,1,19
CUST-504,2025-05-23,890,North America,SUP-F,ORD-1504,2027-07-22,17500,2027-08-31,5,0,13
CUST-505,2025-05-24,930,Europe,SUP-C,ORD-1505,2027-07-25,12500,2027-09-04,4,1,14
CUST-506,2025-05-25,840,Asia-Pacific,SUP-G,ORD-1506,2027-07-28,24500,2027-09-07,5,0,16
CUST-507,2025-05-26,960,Middle East,SUP-A,ORD-1507,2027-07-30,9500,2027-09-09,4,0,16
CUST-508,2025-05-27,820,North America,SUP-E,ORD-1508,2027-08-02,19000,2027-09-11,3,1,12
CUST-509,2025-05-28,940,Europe,SUP-B,ORD-1509,2027-08-05,14000,2027-09-14,5,0,14
CUST-510,2025-05-29,800,Asia-Pacific,SUP-D,ORD-1510,2027-08-08,20000,2027-09-17,4,2,15
CUST-511,2025-05-30,910,Africa,SUP-F,ORD-1511,2027-08-10,8500,2027-09-19,4,0,18
CUST-512,2025-05-31,880,North America,SUP-C,ORD-1512,2027-08-12,18500,2027-09-21,5,0,13
CUST-513,2025-06-01,860,Europe,SUP-G,ORD-1513,2027-08-15,13500,2027-09-24,3,1,14
CUST-514,2025-06-02,920,Asia-Pacific,SUP-A,ORD-1514,2027-08-18,22000,2027-09-27,5,0,16
CUST-515,2025-06-03,850,Middle East,SUP-E,ORD-1515,2027-08-20,6000,2027-09-29,4,1,15
CUST-516,2025-06-04,890,North America,SUP-B,ORD-1516,2027-08-22,17000,2027-10-01,4,0,12
CUST-517,2025-06-05,830,Europe,SUP-D,ORD-1517,2027-08-25,11500,2027-10-04,5,0,14
CUST-518,2025-06-06,950,Asia-Pacific,SUP-F,ORD-1518,2027-08-28,23500,2027-10-07,4,2,15
CUST-519,2025-06-07,810,Africa,SUP-C,ORD-1519,2027-08-30,9000,2027-10-09,3,1,19
CUST-520,2025-06-08,900,North America,SUP-G,ORD-1520,2027-09-02,19500,2027-10-12,5,0,13
CUST-521,2025-06-09,870,Europe,SUP-A,ORD-1521,2027-09-05,14000,2027-10-15,4,1,14
CUST-522,2025-06-10,890,Asia-Pacific,SUP-E,ORD-1522,2027-09-08,21000,2027-10-18,4,0,16
CUST-523,2025-06-11,930,Middle East,SUP-B,ORD-1523,2027-09-10,7500,2027-10-20,5,0,16
CUST-524,2025-06-12,840,North America,SUP-D,ORD-1524,2027-09-12,18500,2027-10-22,3,1,12
CUST-525,2025-06-13,910,Europe,SUP-F,ORD-1525,2027-09-15,10000,2027-10-25,4,1,14
CUST-526,2025-06-14,820,Asia-Pacific,SUP-C,ORD-1526,2027-09-18,22000,2027-10-28,5,0,15
CUST-527,2025-06-15,960,Africa,SUP-G,ORD-1527,2027-09-20,8500,2027-10-30,4,2,18
CUST-528,2025-06-16,800,North America,SUP-A,ORD-1528,2027-09-22,17500,2027-11-01,5,0,13
CUST-529,2025-06-17,940,Europe,SUP-E,ORD-1529,2027-09-25,12500,2027-11-04,4,0,14
CUST-530,2025-06-18,880,Asia-Pacific,SUP-B,ORD-1530,2027-09-28,23500,2027-11-07,3,1,16
CUST-531,2025-06-19,860,Middle East,SUP-D,ORD-1531,2027-09-30,6000,2027-11-09,4,1,15
CUST-532,2025-06-20,900,North America,SUP-F,ORD-1532,2027-10-02,20000,2027-11-11,5,0,12
CUST-533,2025-06-21,850,Europe,SUP-C,ORD-1533,2027-10-05,15000,2027-11-14,4,2,14
CUST-534,2025-06-22,920,Asia-Pacific,SUP-G,ORD-1534,2027-10-08,20000,2027-11-17,4,0,15
CUST-535,2025-06-23,830,Africa,SUP-A,ORD-1535,2027-10-10,9500,2027-11-19,5,0,17
CUST-536,2025-06-24,950,North America,SUP-E,ORD-1536,2027-10-12,18000,2027-11-21,3,1,13
CUST-537,2025-06-25,810,Europe,SUP-B,ORD-1537,2027-10-15,13000,2027-11-24,4,1,14
CUST-538,2025-06-26,900,Asia-Pacific,SUP-D,ORD-1538,2027-10-18,24500,2027-11-27,5,0,16
CUST-539,2025-06-27,870,Middle East,SUP-F,ORD-1539,2027-10-20,7000,2027-11-29,4,0,16
CUST-540,2025-06-28,890,North America,SUP-C,ORD-1540,2027-10-22,17000,2027-12-01,5,0,12
CUST-541,2025-06-29,930,Europe,SUP-G,ORD-1541,2027-10-25,11500,2027-12-04,4,2,14
CUST-542,2025-06-30,840,Asia-Pacific,SUP-A,ORD-1542,2027-10-28,22500,2027-12-07,4,1,15
CUST-543,2025-07-01,960,Africa,SUP-E,ORD-1543,2027-10-30,8500,2027-12-09,3,1,19
CUST-544,2025-07-02,820,North America,SUP-B,ORD-1544,2027-11-02,19500,2027-12-12,5,0,13
CUST-545,2025-07-03,940,Europe,SUP-D,ORD-1545,2027-11-05,14500,2027-12-15,4,0,14
CUST-546,2025-07-04,800,Asia-Pacific,SUP-F,ORD-1546,2027-11-08,21000,2027-12-18,5,0,16
CUST-547,2025-07-05,910,Middle East,SUP-C,ORD-1547,2027-11-10,6000,2027-12-20,4,1,15
CUST-548,2025-07-06,880,North America,SUP-G,ORD-1548,2027-11-12,20000,2027-12-22,3,2,12
CUST-549,2025-07-07,860,Europe,SUP-A,ORD-1549,2027-11-15,10000,2027-12-25,5,0,14
CUST-550,2025-07-08,920,Asia-Pacific,SUP-E,ORD-1550,2027-11-18,23000,2027-12-28,4,1,15
CUST-551,2025-07-09,850,Africa,SUP-B,ORD-1551,2027-11-20,9500,2027-12-30,4,0,18
CUST-552,2025-07-10,890,North America,SUP-D,ORD-1552,2027-11-22,17500,2028-01-01,5,0,13
CUST-553,2025-07-11,830,Europe,SUP-F,ORD-1553,2027-11-25,12500,2028-01-04,3,1,14
CUST-554,2025-07-12,950,Asia-Pacific,SUP-C,ORD-1554,2027-11-28,24500,2028-01-07,5,0,16
CUST-555,2025-07-13,810,Middle East,SUP-G,ORD-1555,2027-11-30,7000,2028-01-09,4,1,16
CUST-556,2025-07-14,900,North America,SUP-A,ORD-1556,2027-12-02,19500,2028-01-11,4,0,12
CUST-557,2025-07-15,870,Europe,SUP-E,ORD-1557,2027-12-05,14500,2028-01-14,5,0,14
CUST-558,2025-07-16,890,Asia-Pacific,SUP-B,ORD-1558,2027-12-08,21500,2028-01-17,4,2,15
CUST-559,2025-07-17,930,Africa,SUP-D,ORD-1559,2027-12-10,8000,2028-01-19,3,1,19
CUST-560,2025-07-18,840,North America,SUP-F,ORD-1560,2027-12-12,18000,2028-01-21,5,0,13
CUST-561,2025-07-19,910,Europe,SUP-C,ORD-1561,2027-12-15,13000,2028-01-24,4,1,14
CUST-562,2025-07-20,820,Asia-Pacific,SUP-G,ORD-1562,2027-12-18,24000,2028-01-27,5,0,16
CUST-563,2025-07-21,960,Middle East,SUP-A,ORD-1563,2027-12-20,9500,2028-01-29,4,0,15
CUST-564,2025-07-22,800,North America,SUP-E,ORD-1564,2027-12-22,17000,2028-01-31,3,1,12
CUST-565,2025-07-23,940,Europe,SUP-B,ORD-1565,2027-12-25,11500,2028-02-04,5,0,14
CUST-566,2025-07-24,880,Asia-Pacific,SUP-D,ORD-1566,2027-12-28,22500,2028-02-07,4,2,15
CUST-567,2025-07-25,860,Africa,SUP-F,ORD-1567,2027-12-30,7000,2028-02-09,4,0,18
CUST-568,2025-07-26,900,North America,SUP-C,ORD-1568,2028-01-02,19000,2028-02-11,5,0,13
CUST-569,2025-07-27,850,Europe,SUP-G,ORD-1569,2028-01-05,14000,2028-02-14,3,1,14
CUST-570,2025-07-28,920,Asia-Pacific,SUP-A,ORD-1570,2028-01-08,20500,2028-02-17,5,0,16
CUST-571,2025-07-29,830,Middle East,SUP-E,ORD-1571,2028-01-10,8000,2028-02-19,4,1,15
CUST-572,2025-07-30,950,North America,SUP-B,ORD-1572,2028-01-12,18500,2028-02-21,4,0,12
CUST-573,2025-07-31,810,Europe,SUP-D,ORD-1573,2028-01-15,13500,2028-02-24,5,0,14
CUST-574,2025-08-01,900,Asia-Pacific,SUP-F,ORD-1574,2028-01-18,25000,2028-02-27,4,2,15
CUST-575,2025-08-02,870,Africa,SUP-C,ORD-1575,2028-01-20,9500,2028-02-29,3,1,19
CUST-576,2025-08-03,890,North America,SUP-G,ORD-1576,2028-01-22,16000,2028-03-02,5,0,13
CUST-577,2025-08-04,930,Europe,SUP-A,ORD-1577,2028-01-25,11000,2028-03-05,4,1,14
CUST-578,2025-08-05,840,Asia-Pacific,SUP-E,ORD-1578,2028-01-28,22000,2028-03-08,5,0,16
CUST-579,2025-08-06,960,Middle East,SUP-B,ORD-1579,2028-01-30,6500,2028-03-10,4,0,16
CUST-580,2025-08-07,820,North America,SUP-D,ORD-1580,2028-02-02,17500,2028-03-13,3,1,12
CUST-581,2025-08-08,940,Europe,SUP-F,ORD-1581,2028-02-05,12500,2028-03-16,5,0,14
CUST-582,2025-08-09,800,Asia-Pacific,SUP-C,ORD-1582,2028-02-08,24000,2028-03-19,4,2,15
CUST-583,2025-08-10,910,Africa,SUP-G,ORD-1583,2028-02-10,8000,2028-03-21,4,0,18
CUST-584,2025-08-11,880,North America,SUP-A,ORD-1584,2028-02-12,19500,2028-03-23,5,0,13
CUST-585,2025-08-12,860,Europe,SUP-E,ORD-1585,2028-02-15,14500,2028-03-26,3,1,14
CUST-586,2025-08-13,920,Asia-Pacific,SUP-B,ORD-1586,2028-02-18,20000,2028-03-29,5,0,16
CUST-587,2025-08-14,850,Middle East,SUP-D,ORD-1587,2028-02-20,9000,2028-03-31,4,1,15
CUST-588,2025-08-15,890,North America,SUP-F,ORD-1588,2028-02-22,18000,2028-04-02,4,0,12
CUST-589,2025-08-16,830,Europe,SUP-C,ORD-1589,2028-02-25,13000,2028-04-05,5,0,14
CUST-590,2025-08-17,950,Asia-Pacific,SUP-G,ORD-1590,2028-02-28,22500,2028-04-08,4,2,15
CUST-591,2025-08-18,810,Africa,SUP-A,ORD-1591,2028-03-02,7500,2028-04-11,3,1,19
CUST-592,2025-08-19,900,North America,SUP-E,ORD-1592,2028-03-05,17000,2028-04-14,5,0,13
CUST-593,2025-08-20,870,Europe,SUP-B,ORD-1593,2028-03-08,11500,2028-04-17,4,1,14
CUST-594,2025-08-21,890,Asia-Pacific,SUP-D,ORD-1594,2028-03-10,24000,2028-04-19,5,0,16
CUST-595,2025-08-22,930,Middle East,SUP-F,ORD-1595,2028-03-12,8500,2028-04-21,4,0,16
CUST-596,2025-08-23,840,North America,SUP-C,ORD-1596,2028-03-15,19500,2028-04-24,3,1,12
CUST-597,2025-08-24,910,Europe,SUP-G,ORD-1597,2028-03-18,14500,2028-04-27,5,0,14
CUST-598,2025-08-25,820,Asia-Pacific,SUP-A,ORD-1598,2028-03-20,20000,2028-04-29,4,2,15
CUST-599,2025-08-26,960,Africa,SUP-E,ORD-1599,2028-03-22,9000,2028-05-01,4,0,18
CUST-600,2025-08-27,800,North America,SUP-B,ORD-1600,2028-03-25,18000,2028-05-04,5,0,13
CUST-601,2025-08-28,940,Europe,SUP-D,ORD-1601,2028-03-28,13000,2028-05-07,3,1,14
CUST-602,2025-08-29,880,Asia-Pacific,SUP-F,ORD-1602,2028-03-30,22500,2028-05-09,5,0,16
CUST-603,2025-08-30,860,Middle East,SUP-C,ORD-1603,2028-04-02,7500,2028-05-12,4,1,15
CUST-604,2025-08-31,900,North America,SUP-G,ORD-1604,2028-04-05,17000,2028-05-15,4,0,12
CUST-605,2025-09-01,850,Europe,SUP-A,ORD-1605,2028-04-08,11000,2028-05-18,5,0,14
CUST-606,2025-09-02,920,Asia-Pacific,SUP-E,ORD-1606,2028-04-10,24000,2028-05-20,4,2,15
CUST-607,2025-09-03,830,Africa,SUP-B,ORD-1607,2028-04-12,8500,2028-05-22,3,1,19
CUST-608,2025-09-04,950,North America,SUP-D,ORD-1608,2028-04-15,19000,2028-05-25,5,0,13
CUST-609,2025-09-05,810,Europe,SUP-F,ORD-1609,2028-04-18,14000,2028-05-28,4,1,14
CUST-610,2025-09-06,900,Asia-Pacific,SUP-C,ORD-1610,2028-04-20,20500,2028-05-30,4,0,16
CUST-611,2025-09-07,870,Middle East,SUP-G,ORD-1611,2028-04-22,9000,2028-06-01,5,0,16
CUST-612,2025-09-08,890,North America,SUP-A,ORD-1612,2028-04-25,18500,2028-06-04,3,1,12
CUST-613,2025-09-09,930,Europe,SUP-E,ORD-1613,2028-04-28,10000,2028-06-07,4,1,14
CUST-614,2025-09-10,840,Asia-Pacific,SUP-B,ORD-1614,2028-04-30,22000,2028-06-09,5,0,15
CUST-615,2025-09-11,960,Africa,SUP-D,ORD-1615,2028-05-02,7500,2028-06-11,4,2,18
CUST-616,2025-09-12,820,North America,SUP-F,ORD-1616,2028-05-05,17000,2028-06-14,5,0,13
CUST-617,2025-09-13,940,Europe,SUP-C,ORD-1617,2028-05-08,12000,2028-06-17,4,0,14
CUST-618,2025-09-14,800,Asia-Pacific,SUP-G,ORD-1618,2028-05-10,23500,2028-06-19,3,1,16
CUST-619,2025-09-15,910,Middle East,SUP-A,ORD-1619,2028-05-12,6000,2028-06-21,4,1,15
CUST-620,2025-09-16,880,North America,SUP-E,ORD-1620,2028-05-15,20000,2028-06-24,5,0,12
CUST-621,2025-09-17,860,Europe,SUP-B,ORD-1621,2028-05-18,15000,2028-06-27,4,2,14
CUST-622,2025-09-18,920,Asia-Pacific,SUP-D,ORD-1622,2028-05-20,20000,2028-06-29,4,0,15
CUST-623,2025-09-19,850,Africa,SUP-F,ORD-1623,2028-05-22,9500,2028-07-01,5,0,17
CUST-624,2025-09-20,890,North America,SUP-C,ORD-1624,2028-05-25,18000,2028-07-04,3,1,13
CUST-625,2025-09-21,830,Europe,SUP-G,ORD-1625,2028-05-28,13000,2028-07-07,4,1,14
CUST-626,2025-09-22,950,Asia-Pacific,SUP-A,ORD-1626,2028-05-30,24500,2028-07-09,5,0,16
CUST-627,2025-09-23,810,Middle East,SUP-E,ORD-1627,2028-06-02,7000,2028-07-12,4,0,16
CUST-628,2025-09-24,900,North America,SUP-B,ORD-1628,2028-06-05,17000,2028-07-15,5,0,12
CUST-629,2025-09-25,870,Europe,SUP-D,ORD-1629,2028-06-08,11500,2028-07-18,4,2,14
CUST-630,2025-09-26,890,Asia-Pacific,SUP-F,ORD-1630,2028-06-10,22500,2028-07-20,4,1,15
CUST-631,2025-09-27,930,Africa,SUP-C,ORD-1631,2028-06-12,8000,2028-07-22,3,1,19
CUST-632,2025-09-28,840,North America,SUP-G,ORD-1632,2028-06-15,19500,2028-07-25,5,0,13
CUST-633,2025-09-29,910,Europe,SUP-A,ORD-1633,2028-06-18,14500,2028-07-28,4,0,14
CUST-634,2025-09-30,820,Asia-Pacific,SUP-E,ORD-1634,2028-06-20,21000,2028-07-30,5,0,16
CUST-635,2025-10-01,960,Middle East,SUP-B,ORD-1635,2028-06-22,9500,2028-08-01,4,1,15
CUST-636,2025-10-02,800,North America,SUP-D,ORD-1636,2028-06-25,18000,2028-08-04,3,2,12
CUST-637,2025-10-03,940,Europe,SUP-F,ORD-1637,2028-06-28,10000,2028-08-07,5,0,14
CUST-638,2025-10-04,880,Asia-Pacific,SUP-C,ORD-1638,2028-06-30,23000,2028-08-09,4,1,15
CUST-639,2025-10-05,860,Africa,SUP-G,ORD-1639,2028-07-02,6500,2028-08-11,4,0,18
CUST-640,2025-10-06,900,North America,SUP-A,ORD-1640,2028-07-05,17500,2028-08-14,5,0,13
CUST-641,2025-10-07,850,Europe,SUP-E,ORD-1641,2028-07-08,12500,2028-08-17,3,1,14
CUST-642,2025-10-08,920,Asia-Pacific,SUP-B,ORD-1642,2028-07-10,20500,2028-08-19,5,0,16
CUST-643,2025-10-09,830,Middle East,SUP-D,ORD-1643,2028-07-12,7000,2028-08-21,4,1,15
CUST-644,2025-10-10,950,North America,SUP-F,ORD-1644,2028-07-15,19000,2028-08-24,4,0,12
CUST-645,2025-10-11,810,Europe,SUP-C,ORD-1645,2028-07-18,14000,2028-08-27,5,0,14
CUST-646,2025-10-12,900,Asia-Pacific,SUP-G,ORD-1646,2028-07-20,24500,2028-08-29,4,2,15
CUST-647,2025-10-13,870,Africa,SUP-A,ORD-1647,2028-07-22,9000,2028-08-31,3,1,19
CUST-648,2025-10-14,890,North America,SUP-E,ORD-1648,2028-07-25,18000,2028-09-04,5,0,13
CUST-649,2025-10-15,930,Europe,SUP-B,ORD-1649,2028-07-28,13000,2028-09-07,4,1,14
CUST-650,2025-10-16,840,Asia-Pacific,SUP-D,ORD-1650,2028-07-30,21000,2028-09-09,5,0,16
CUST-651,2025-10-17,960,Middle East,SUP-F,ORD-1651,2028-08-02,8000,2028-09-11,4,0,16
CUST-652,2025-10-18,820,North America,SUP-C,ORD-1652,2028-08-05,17000,2028-09-14,3,1,12
CUST-653,2025-10-19,940,Europe,SUP-G,ORD-1653,2028-08-08,11500,2028-09-17,5,0,14
CUST-654,2025-10-20,800,Asia-Pacific,SUP-A,ORD-1654,2028-08-10,23000,2028-09-19,4,2,15
CUST-655,2025-10-21,910,Africa,SUP-E,ORD-1655,2028-08-12,9500,2028-09-21,4,0,18
CUST-656,2025-10-22,880,North America,SUP-B,ORD-1656,2028-08-15,19000,2028-09-24,5,0,13
CUST-657,2025-10-23,860,Europe,SUP-D,ORD-1657,2028-08-18,14000,2028-09-27,3,1,14
CUST-658,2025-10-24,920,Asia-Pacific,SUP-F,ORD-1658,2028-08-20,20500,2028-09-29,5,0,16
CUST-659,2025-10-25,850,Middle East,SUP-C,ORD-1659,2028-08-22,6500,2028-10-01,4,1,15
CUST-660,2025-10-26,890,North America,SUP-G,ORD-1660,2028-08-25,18500,2028-10-04,4,0,12
CUST-661,2025-10-27,830,Europe,SUP-A,ORD-1661,2028-08-28,13500,2028-10-07,5,0,14
CUST-662,2025-10-28,950,Asia-Pacific,SUP-E,ORD-1662,2028-08-30,25000,2028-10-09,4,2,15
CUST-663,2025-10-29,810,Africa,SUP-B,ORD-1663,2028-09-02,8000,2028-10-12,3,1,19
CUST-664,2025-10-30,900,North America,SUP-D,ORD-1664,2028-09-05,17000,2028-10-15,5,0,13
CUST-665,2025-10-31,870,Europe,SUP-F,ORD-1665,2028-09-08,11000,2028-10-18,4,1,14
CUST-666,2025-11-01,890,Asia-Pacific,SUP-C,ORD-1666,2028-09-10,22000,2028-10-20,4,0,16
CUST-667,2025-11-02,930,Middle East,SUP-G,ORD-1667,2028-09-12,9500,2028-10-22,5,0,16
CUST-668,2025-11-03,840,North America,SUP-A,ORD-1668,2028-09-15,19500,2028-10-25,3,1,12
CUST-669,2025-11-04,910,Europe,SUP-E,ORD-1669,2028-09-18,14500,2028-10-28,4,1,14
CUST-670,2025-11-05,820,Asia-Pacific,SUP-B,ORD-1670,2028-09-20,21500,2028-10-30,5,0,15
CUST-671,2025-11-06,960,Africa,SUP-D,ORD-1671,2028-09-22,7000,2028-11-01,4,2,18
CUST-672,2025-11-07,800,North America,SUP-F,ORD-1672,2028-09-25,18500,2028-11-04,5,0,13
CUST-673,2025-11-08,940,Europe,SUP-C,ORD-1673,2028-09-28,10000,2028-11-07,4,0,14
CUST-674,2025-11-09,880,Asia-Pacific,SUP-G,ORD-1674,2028-09-30,23000,2028-11-09,3,1,16
CUST-675,2025-11-10,860,Middle East,SUP-A,ORD-1675,2028-10-02,8500,2028-11-11,4,1,15
CUST-676,2025-11-11,900,North America,SUP-E,ORD-1676,2028-10-05,20000,2028-11-14,5,0,12
CUST-677,2025-11-12,850,Europe,SUP-B,ORD-1677,2028-10-08,15000,2028-11-17,4,2,14
CUST-678,2025-11-13,920,Asia-Pacific,SUP-D,ORD-1678,2028-10-10,20500,2028-11-19,4,0,15
CUST-679,2025-11-14,830,Africa,SUP-F,ORD-1679,2028-10-12,9000,2028-11-21,5,0,17
CUST-680,2025-11-15,950,North America,SUP-C,ORD-1680,2028-10-15,17500,2028-11-24,3,1,13
CUST-681,2025-11-16,810,Europe,SUP-G,ORD-1681,2028-10-18,12500,2028-11-27,4,1,14
CUST-682,2025-11-17,900,Asia-Pacific,SUP-A,ORD-1682,2028-10-20,24000,2028-11-29,5,0,16
CUST-683,2025-11-18,870,Middle East,SUP-E,ORD-1683,2028-10-22,7000,2028-12-01,4,0,16
CUST-684,2025-11-19,890,North America,SUP-B,ORD-1684,2028-10-25,19000,2028-12-04,5,0,12
CUST-685,2025-11-20,930,Europe,SUP-D,ORD-1685,2028-10-28,14000,2028-12-07,4,2,14
CUST-686,2025-11-21,840,Asia-Pacific,SUP-F,ORD-1686,2028-10-30,21500,2028-12-09,4,1,15
CUST-687,2025-11-22,960,Africa,SUP-C,ORD-1687,2028-11-02,8500,2028-12-12,3,1,19
CUST-688,2025-11-23,820,North America,SUP-G,ORD-1688,2028-11-05,18000,2028-12-15,5,0,13
CUST-689,2025-11-24,940,Europe,SUP-A,ORD-1689,2028-11-08,13000,2028-12-18,4,0,14
CUST-690,2025-11-25,800,Asia-Pacific,SUP-E,ORD-1690,2028-11-10,23000,2028-12-20,5,0,16
CUST-691,2025-11-26,910,Middle East,SUP-B,ORD-1691,2028-11-12,9000,2028-12-22,4,1,15
CUST-692,2025-11-27,880,North America,SUP-D,ORD-1692,2028-11-15,17500,2028-12-25,3,2,12
CUST-693,2025-11-28,860,Europe,SUP-F,ORD-1693,2028-11-18,12000,2028-12-28,5,0,14
CUST-694,2025-11-29,920,Asia-Pacific,SUP-C,ORD-1694,2028-11-20,20500,2028-12-30,4,1,15
CUST-695,2025-11-30,850,Africa,SUP-G,ORD-1695,2028-11-22,7500,2029-01-01,4,0,18
CUST-696,2025-12-01,890,North America,SUP-A,ORD-1696,2028-11-25,19000,2029-01-04,5,0,13
CUST-697,2025-12-02,830,Europe,SUP-E,ORD-1697,2028-11-28,14000,2029-01-07,3,1,14
CUST-698,2025-12-03,950,Asia-Pacific,SUP-B,ORD-1698,2028-11-30,22500,2029-01-09,5,0,16
CUST-699,2025-12-04,810,Middle East,SUP-D,ORD-1699,2028-12-02,8000,2029-01-11,4,1,16
CUST-700,2025-12-05,900,North America,SUP-F,ORD-1700,2028-12-05,18000,2029-01-14,4,0,12
CUST-701,2025-12-06,870,Europe,SUP-C,ORD-1701,2028-12-08,13000,2029-01-17,5,0,14
CUST-702,2025-12-07,890,Asia-Pacific,SUP-G,ORD-1702,2028-12-10,21500,2029-01-19,4,2,15
CUST-703,2025-12-08,930,Africa,SUP-A,ORD-1703,2028-12-12,9500,2029-01-21,3,1,19
CUST-704,2025-12-09,840,North America,SUP-E,ORD-1704,2028-12-15,17000,2029-01-24,5,0,13
CUST-705,2025-12-10,910,Europe,SUP-B,ORD-1705,2028-12-18,11500,2029-01-27,4,1,14
CUST-706,2025-12-11,820,Asia-Pacific,SUP-D,ORD-1706,2028-12-20,23000,2029-01-29,5,0,16
CUST-707,2025-12-12,960,Middle East,SUP-F,ORD-1707,2028-12-22,6000,2029-01-31,4,0,15
CUST-708,2025-12-13,800,North America,SUP-C,ORD-1708,2028-12-25,19000,2029-02-04,3,1,12
CUST-709,2025-12-14,940,Europe,SUP-G,ORD-1709,2028-12-28,14000,2029-02-07,5,0,14
CUST-710,2025-12-15,880,Asia-Pacific,SUP-A,ORD-1710,2028-12-30,20000,2029-02-09,4,2,15
CUST-711,2025-12-16,860,Africa,SUP-E,ORD-1711,2029-01-02,9000,2029-02-11,4,0,18
CUST-712,2025-12-17,900,North America,SUP-B,ORD-1712,2029-01-05,18500,2029-02-14,5,0,13
CUST-713,2025-12-18,850,Europe,SUP-D,ORD-1713,2029-01-08,13500,2029-02-17,3,1,14
CUST-714,2025-12-19,920,Asia-Pacific,SUP-F,ORD-1714,2029-01-10,22000,2029-02-19,5,0,16
CUST-715,2025-12-20,830,Middle East,SUP-C,ORD-1715,2029-01-12,7500,2029-02-21,4,1,15
CUST-716,2025-12-21,950,North America,SUP-G,ORD-1716,2029-01-15,17000,2029-02-24,4,0,12
CUST-717,2025-12-22,810,Europe,SUP-A,ORD-1717,2029-01-18,12000,2029-02-27,5,0,14
CUST-718,2025-12-23,900,Asia-Pacific,SUP-E,ORD-1718,2029-01-20,23500,2029-03-01,4,2,15
CUST-719,2025-12-24,870,Africa,SUP-B,ORD-1719,2029-01-22,8000,2029-03-03,3,1,19
CUST-720,2025-12-25,890,North America,SUP-D,ORD-1720,2029-01-25,19500,2029-03-06,5,0,13
CUST-721,2025-12-26,930,Europe,SUP-F,ORD-1721,2029-01-28,14500,2029-03-09,4,1,14
CUST-722,2025-12-27,840,Asia-Pacific,SUP-C,ORD-1722,2029-01-30,21000,2029-03-11,5,0,16
CUST-723,2025-12-28,960,Middle East,SUP-G,ORD-1723,2029-02-02,9000,2029-03-14,4,0,16
CUST-724,2025-12-29,820,North America,SUP-A,ORD-1724,2029-02-05,18000,2029-03-17,3,1,12
CUST-725,2025-12-30,940,Europe,SUP-E,ORD-1725,2029-02-08,10000,2029-03-20,5,0,14
CUST-726,2025-12-31,800,Asia-Pacific,SUP-B,ORD-1726,2029-02-10,22500,2029-03-22,4,2,15
CUST-727,2026-01-01,910,Africa,SUP-D,ORD-1727,2029-02-12,7500,2029-03-24,4,0,18
CUST-728,2026-01-02,880,North America,SUP-F,ORD-1728,2029-02-15,17000,2029-03-27,5,0,13
CUST-729,2026-01-03,860,Europe,SUP-C,ORD-1729,2029-02-18,12000,2029-03-30,3,1,14
CUST-730,2026-01-04,920,Asia-Pacific,SUP-G,ORD-1730,2029-02-20,23000,2029-04-01,5,0,16
CUST-731,2026-01-05,850,Middle East,SUP-A,ORD-1731,2029-02-22,8500,2029-04-03,4,1,15
CUST-732,2026-01-06,890,North America,SUP-E,ORD-1732,2029-02-25,19500,2029-04-06,4,0,12
CUST-733,2026-01-07,830,Europe,SUP-B,ORD-1733,2029-02-28,14500,2029-04-09,5,0,14
CUST-734,2026-01-08,950,Asia-Pacific,SUP-D,ORD-1734,2029-03-02,20000,2029-04-11,4,2,15
CUST-735,2026-01-09,810,Africa,SUP-F,ORD-1735,2029-03-05,9000,2029-04-14,3,1,19
CUST-736,2026-01-10,900,North America,SUP-C,ORD-1736,2029-03-08,18000,2029-04-17,5,0,13
CUST-737,2026-01-11,870,Europe,SUP-G,ORD-1737,2029-03-10,13000,2029-04-19,4,1,14
CUST-738,2026-01-12,890,Asia-Pacific,SUP-A,ORD-1738,2029-03-12,22000,2029-04-21,4,0,16
CUST-739,2026-01-13,930,Middle East,SUP-E,ORD-1739,2029-03-15,7500,2029-04-24,5,0,16
CUST-740,2026-01-14,840,North America,SUP-B,ORD-1740,2029-03-18,17000,2029-04-27,3,1,12
CUST-741,2026-01-15,910,Europe,SUP-D,ORD-1741,2029-03-20,11500,2029-04-29,4,1,14
CUST-742,2026-01-16,820,Asia-Pacific,SUP-F,ORD-1742,2029-03-22,23500,2029-05-01,5,0,15
CUST-743,2026-01-17,960,Africa,SUP-C,ORD-1743,2029-03-25,8000,2029-05-04,4,2,18
CUST-744,2026-01-18,800,North America,SUP-G,ORD-1744,2029-03-28,19000,2029-05-07,5,0,13
CUST-745,2026-01-19,940,Europe,SUP-A,ORD-1745,2029-03-30,14000,2029-05-09,4,0,14
CUST-746,2026-01-20,880,Asia-Pacific,SUP-E,ORD-1746,2029-04-02,20500,2029-05-12,3,1,16
CUST-747,2026-01-21,860,Middle East,SUP-B,ORD-1747,2029-04-05,9000,2029-05-15,4,1,15
CUST-748,2026-01-22,900,North America,SUP-D,ORD-1748,2029-04-08,20000,2029-05-18,5,0,12
CUST-749,2026-01-23,850,Europe,SUP-F,ORD-1749,2029-04-10,15000,2029-05-20,4,2,14
CUST-750,2026-01-24,920,Asia-Pacific,SUP-C,ORD-1750,2029-04-12,21000,2029-05-22,4,0,15

